{"cameraMode":{"drawMode":0,"name":"Shaded","section":"Shading Mode"},"sceneLighting":true,"audioPlay":false,"sceneViewState":{"m_AlwaysRefresh":false,"showFog":true,"showSkybox":true,"showFlares":true,"showImageEffects":true,"showParticleSystems":true,"showVisualEffectGraphs":true,"m_FxEnabled":true},"in2DMode":false,"pivot":{"x":180.68972778320313,"y":0.4355132579803467,"z":-28.781410217285158},"rotation":{"x":-0.026096468791365625,"y":-0.7424601316452026,"z":0.02897011674940586,"w":-0.6687620282173157},"size":95.62672424316406,"orthographic":false}